Age,Gender,Quit,YearsOverall,BasicSalary,Contract,CusSize,TechRole,ThisYearBonus,LastYearBonus,Level
28,1,0,9.0,61200.0,Unlimited contract,1000+,1,1,1,Management
39,0,0,13.0,108000.0,Unlimited contract,1000+,0,0,0,Management
32,1,0,13.0,85000.0,Unlimited contract,1000+,1,1,1,Management
35,0,0,5.0,75000.0,Unlimited contract,1000+,1,1,0,Management
22,1,1,2.0,45000.0,Unlimited contract,1000+,1,1,1,Employee
31,1,1,2.5,20000.0,Unlimited contract,1000+,1,1,1,Management
30,0,0,6.0,70000.0,Unlimited contract,1000+,1,1,1,Management
40,0,0,20.0,54000.0,Unlimited contract,101 to 1000,1,0,0,Employee
35,1,0,1.0,30000.0,Temporary contract,up to 10,1,1,0,Employee
25,1,0,6.0,61500.0,Unlimited contract,1000+,1,1,0,Employee
41,1,0,20.0,58800.0,Unlimited contract,1000+,1,1,1,Management
34,1,0,10.0,120000.0,Unlimited contract,1000+,1,1,1,Management
32,1,1,10.0,120000.0,Temporary contract,1000+,1,0,0,Management
25,1,0,5.0,57000.0,Temporary contract,up to 10,1,0,0,Management
30,1,1,8.0,60000.0,Temporary contract,up to 10,1,0,0,Management
27,1,1,4.0,60000.0,Temporary contract,51 to 100,1,1,0,Employee
24,1,1,0.8,11500.0,Temporary contract,11 to 50,1,0,0,Employee
31,1,0,5.0,75000.0,Unlimited contract,101 to 1000,1,1,1,Management
32,1,0,10.0,110000.0,Unlimited contract,1000+,0,1,1,Top Management
33,1,0,4.0,50000.0,Unlimited contract,11 to 50,1,0,0,Employee
28,1,0,8.0,60000.0,Unlimited contract,up to 10,1,1,0,Management
33,1,0,7.0,62000.0,Unlimited contract,1000+,1,1,1,Management
34,1,0,12.0,77500.0,Unlimited contract,101 to 1000,0,1,0,Management
28,1,0,6.0,70000.0,Unlimited contract,101 to 1000,1,1,1,Management
28,1,0,5.0,70800.0,Unlimited contract,11 to 50,1,0,0,Management
35,1,0,13.0,140000.0,Unlimited contract,51 to 100,1,1,1,Management
32,0,0,10.0,60000.0,Unlimited contract,51 to 100,0,1,1,Management
32,1,0,11.0,60000.0,Unlimited contract,1000+,1,1,1,Management
24,1,0,3.0,58000.0,Unlimited contract,1000+,1,1,0,Employee
24,0,0,2.0,55200.0,Unlimited contract,11 to 50,1,1,0,Employee
37,1,1,12.0,90000.0,Unlimited contract,11 to 50,1,0,0,Top Management
34,1,0,14.0,60000.0,Unlimited contract,101 to 1000,1,1,1,Management
38,1,0,10.0,92000.0,Unlimited contract,51 to 100,1,1,1,Management
26,1,1,3.0,48000.0,Unlimited contract,51 to 100,1,0,0,Employee
29,1,0,8.0,65400.0,Unlimited contract,11 to 50,1,0,0,Management
28,0,0,4.0,53000.0,Unlimited contract,1000+,0,0,0,Employee
26,1,0,4.0,24000.0,Unlimited contract,101 to 1000,1,0,0,Employee
37,1,0,20.0,130000.0,Unlimited contract,1000+,0,1,1,Employee
31,0,0,2.0,50000.0,Unlimited contract,1000+,0,0,0,Employee
23,1,0,5.0,45600.0,Unlimited contract,up to 10,1,1,0,Management
35,0,0,9.0,60000.0,Unlimited contract,101 to 1000,1,0,0,Employee
37,1,0,9.0,60000.0,Unlimited contract,101 to 1000,1,0,0,Management
27,1,0,5.0,48000.0,Unlimited contract,up to 10,1,0,0,Employee
26,0,1,2.0,47000.0,Unlimited contract,11 to 50,1,0,0,Employee
36,0,0,1.0,60000.0,Unlimited contract,51 to 100,1,1,0,Employee
27,1,0,4.0,66000.0,Unlimited contract,101 to 1000,1,1,1,Employee
28,1,0,3.0,42000.0,Unlimited contract,101 to 1000,1,0,1,Employee
31,1,1,6.0,53000.0,Unlimited contract,1000+,1,0,0,Management
35,1,0,15.0,80000.0,Unlimited contract,11 to 50,1,1,1,Management
31,1,1,6.0,60000.0,Unlimited contract,51 to 100,1,1,0,Management
32,0,0,8.0,60000.0,Unlimited contract,101 to 1000,1,1,0,Management
35,1,0,17.0,72000.0,Unlimited contract,1000+,1,1,1,Management
38,1,0,4.0,43000.0,Unlimited contract,up to 10,1,0,0,Employee
44,1,0,15.0,60000.0,Unlimited contract,101 to 1000,1,0,0,Top Management
26,1,0,4.0,51000.0,Unlimited contract,11 to 50,1,0,0,Employee
29,1,0,3.0,48000.0,Unlimited contract,51 to 100,1,0,0,Employee
29,1,0,7.0,64000.0,Unlimited contract,51 to 100,1,1,0,Management
28,1,0,6.0,65000.0,Unlimited contract,51 to 100,0,1,1,Employee
31,1,0,14.0,75000.0,Unlimited contract,101 to 1000,1,0,0,Management
26,1,0,2.0,58000.0,Unlimited contract,1000+,1,1,0,Employee
28,1,0,5.0,50000.0,Unlimited contract,11 to 50,1,0,0,Management
28,1,0,6.0,52800.0,Unlimited contract,51 to 100,1,1,1,Employee
29,1,1,4.0,61500.0,Unlimited contract,11 to 50,1,1,1,Employee
33,1,0,10.0,70000.0,Unlimited contract,11 to 50,1,0,1,Management
30,1,0,10.0,115000.0,Unlimited contract,1000+,1,1,1,Management
29,0,0,4.0,60000.0,Unlimited contract,101 to 1000,1,1,0,Employee
36,1,0,9.0,64000.0,Unlimited contract,101 to 1000,0,0,0,Management
25,1,1,2.0,65000.0,Unlimited contract,1000+,1,0,0,Employee
30,1,0,7.0,68500.0,Unlimited contract,51 to 100,1,1,1,Management
32,1,0,8.0,65000.0,Unlimited contract,101 to 1000,1,0,0,Management
32,1,0,4.0,65000.0,Unlimited contract,1000+,0,1,1,Management
28,1,0,6.0,78000.0,Unlimited contract,51 to 100,1,0,0,Management
25,1,1,1.0,38000.0,Unlimited contract,1000+,1,0,0,Employee
32,1,0,15.0,73000.0,Unlimited contract,101 to 1000,1,0,0,Employee
34,1,1,10.0,85000.0,Unlimited contract,101 to 1000,1,1,1,Management
38,1,0,15.0,40700.0,Unlimited contract,11 to 50,1,0,0,Employee
28,0,0,5.0,60000.0,Unlimited contract,1000+,0,0,0,Management
35,1,0,4.0,42000.0,Unlimited contract,51 to 100,1,0,0,Employee
33,1,0,5.0,61000.0,Unlimited contract,1000+,1,1,1,Management
25,1,0,7.0,70000.0,Unlimited contract,101 to 1000,1,1,0,Management
35,1,0,10.0,60000.0,Unlimited contract,101 to 1000,1,1,1,Management
31,1,0,6.0,60000.0,Unlimited contract,51 to 100,1,1,0,Employee
35,1,0,17.0,85000.0,Unlimited contract,1000+,1,1,0,Management
29,1,0,7.0,82000.0,Unlimited contract,101 to 1000,1,0,0,Management
35,1,0,15.0,100000.0,Unlimited contract,11 to 50,1,0,1,Top Management
27,0,0,3.0,17500.0,Unlimited contract,1000+,1,1,1,Employee
54,1,1,25.0,75000.0,Unlimited contract,1000+,1,1,1,Employee
36,1,0,15.0,68000.0,Unlimited contract,1000+,1,1,0,Management
35,0,0,1.5,46000.0,Unlimited contract,1000+,1,1,0,Employee
36,1,0,14.0,75000.0,Unlimited contract,11 to 50,1,0,1,Management
37,1,0,17.0,90000.0,Unlimited contract,1000+,1,0,1,Management
27,1,0,7.0,63000.0,Unlimited contract,51 to 100,1,0,1,Employee
34,1,1,11.0,80000.0,Unlimited contract,1000+,1,1,0,Management
32,0,0,2.0,52500.0,Unlimited contract,101 to 1000,1,0,0,Employee
39,0,0,10.0,70500.0,Unlimited contract,101 to 1000,1,1,0,Management
32,1,0,7.0,62000.0,Unlimited contract,101 to 1000,1,0,0,Management
39,1,0,10.0,75000.0,Unlimited contract,1000+,1,0,0,Management
35,1,0,12.0,66000.0,Unlimited contract,51 to 100,1,0,0,Management
32,1,0,9.0,60000.0,Unlimited contract,1000+,1,1,1,Management
25,1,0,4.0,60000.0,Unlimited contract,101 to 1000,1,0,0,Employee
26,1,1,1.5,58000.0,Unlimited contract,101 to 1000,1,0,0,Employee
29,1,1,1.0,45000.0,Unlimited contract,1000+,1,1,0,Employee
26,1,0,4.0,65000.0,Unlimited contract,101 to 1000,1,1,1,Employee
32,1,1,8.0,60000.0,Unlimited contract,101 to 1000,1,0,0,Management
32,1,0,9.0,70800.0,Unlimited contract,1000+,1,1,0,Management
38,1,0,7.0,54500.0,Unlimited contract,11 to 50,0,0,0,Employee
41,0,1,12.0,68000.0,Unlimited contract,101 to 1000,0,1,1,Management
26,1,0,7.0,72000.0,Unlimited contract,101 to 1000,1,0,0,Management
46,1,0,23.0,90000.0,Unlimited contract,1000+,1,1,1,Management
43,1,0,21.0,72000.0,Unlimited contract,101 to 1000,1,0,1,Management
33,1,0,9.0,60000.0,Unlimited contract,1000+,1,1,1,Management
24,0,0,2.0,58000.0,Unlimited contract,11 to 50,0,0,0,Employee
49,1,0,27.0,57000.0,Unlimited contract,101 to 1000,1,0,0,Management
35,0,0,1.0,50000.0,Unlimited contract,51 to 100,1,0,0,Employee
27,1,1,2.0,49000.0,Unlimited contract,11 to 50,1,1,0,Employee
36,1,0,16.0,65000.0,Unlimited contract,51 to 100,1,0,0,Employee
37,1,1,15.0,80000.0,Unlimited contract,51 to 100,1,0,0,Management
24,1,0,2.0,60000.0,Unlimited contract,up to 10,1,0,0,Employee
29,0,0,2.0,52000.0,Unlimited contract,up to 10,1,0,0,Employee
39,1,0,12.0,65000.0,Unlimited contract,1000+,1,1,0,Management
30,0,0,8.0,52000.0,Unlimited contract,1000+,1,0,0,Management
27,1,0,3.0,55000.0,Unlimited contract,101 to 1000,0,0,0,Employee
35,1,0,10.0,50400.0,Unlimited contract,11 to 50,0,0,0,Management
32,1,1,4.0,105000.0,Unlimited contract,11 to 50,1,0,0,Top Management
36,1,0,14.0,65000.0,Unlimited contract,101 to 1000,1,1,0,Employee
32,0,0,2.0,54000.0,Unlimited contract,1000+,1,1,1,Employee
32,1,0,4.0,37500.0,Unlimited contract,101 to 1000,1,0,1,Employee
27,1,1,0.0,40000.0,Unlimited contract,1000+,1,0,1,Employee
33,1,0,12.0,70200.0,Unlimited contract,101 to 1000,1,0,0,Management
36,1,0,10.0,66000.0,Unlimited contract,51 to 100,1,1,1,Employee
34,1,0,3.5,55000.0,Unlimited contract,1000+,1,1,1,Employee
27,1,0,2.0,25300.0,Temporary contract,1000+,1,1,1,Employee
29,1,0,4.0,37500.0,Unlimited contract,101 to 1000,1,0,0,Employee
22,1,0,3.0,27000.0,Unlimited contract,51 to 100,1,0,0,Employee
45,1,1,2.0,42000.0,Unlimited contract,101 to 1000,1,0,0,Management
30,1,0,5.0,40000.0,Unlimited contract,1000+,1,0,0,Management
28,1,0,4.0,30000.0,Unlimited contract,51 to 100,1,0,0,Employee
30,1,0,3.0,65000.0,Unlimited contract,101 to 1000,1,1,1,Employee
32,0,1,4.0,85000.0,Unlimited contract,1000+,1,1,1,Management
39,0,1,2.5,60000.0,Unlimited contract,up to 10,1,1,1,Employee
38,1,0,15.0,80000.0,Unlimited contract,51 to 100,1,1,1,Management
38,1,1,20.0,130000.0,Unlimited contract,1000+,1,1,1,Top Management
29,1,0,9.0,113000.0,Unlimited contract,1000+,1,1,0,Management
26,1,1,4.0,60000.0,Unlimited contract,1000+,1,1,1,Employee
39,1,0,15.0,110000.0,Unlimited contract,101 to 1000,1,0,0,Management
35,0,0,12.0,70000.0,Unlimited contract,101 to 1000,1,0,0,Employee
28,1,0,6.0,60000.0,Unlimited contract,101 to 1000,1,0,0,Employee
25,1,0,6.0,63700.0,Unlimited contract,1000+,1,1,1,Employee
35,1,0,3.0,68000.0,Unlimited contract,51 to 100,1,1,1,Employee
31,1,1,10.0,80000.0,Unlimited contract,101 to 1000,1,0,0,Management
39,1,0,10.0,80000.0,Unlimited contract,1000+,1,0,0,Management
40,1,0,20.0,85000.0,Unlimited contract,1000+,1,1,1,Management
24,1,0,3.0,77000.0,Unlimited contract,1000+,1,1,0,Employee
28,1,0,3.0,65000.0,Unlimited contract,1000+,1,1,1,Employee
36,1,0,20.0,74000.0,Unlimited contract,1000+,1,1,1,Management
40,1,0,11.0,75000.0,Unlimited contract,1000+,1,1,1,Management
26,1,1,2.0,48000.0,Temporary contract,51 to 100,1,1,0,Employee
24,1,0,3.0,48000.0,Temporary contract,1000+,1,0,0,Employee
25,1,0,0.0,58000.0,Unlimited contract,1000+,1,0,0,Employee
27,1,0,5.0,73000.0,Unlimited contract,1000+,0,1,1,Employee
35,0,0,4.0,51000.0,Unlimited contract,101 to 1000,1,1,1,Employee
37,1,0,14.0,84000.0,Unlimited contract,1000+,1,0,0,Management
50,1,0,29.0,28800.0,Unlimited contract,11 to 50,1,1,1,Management
33,1,0,2.0,54000.0,Unlimited contract,1000+,1,0,0,Employee
37,1,0,6.0,47400.0,Unlimited contract,1000+,1,1,1,Employee
34,1,0,6.0,62000.0,Unlimited contract,1000+,1,1,1,Employee
36,1,0,15.0,150000.0,Unlimited contract,101 to 1000,1,1,1,Top Management
45,1,0,19.0,90000.0,Unlimited contract,1000+,0,1,1,Management
26,0,0,2.0,32000.0,Unlimited contract,1000+,1,0,0,Employee
42,1,0,2.0,80000.0,Unlimited contract,1000+,1,1,1,Management
28,1,0,8.0,67200.0,Unlimited contract,1000+,1,0,0,Management
33,0,0,10.0,47500.0,Unlimited contract,11 to 50,1,0,0,Management
29,1,1,5.0,115000.0,Unlimited contract,1000+,1,1,0,Management
27,1,0,3.0,21120.0,Temporary contract,11 to 50,1,1,1,Employee
32,1,0,8.0,36000.0,Unlimited contract,1000+,1,1,1,Management
24,1,0,3.0,48000.0,Unlimited contract,1000+,0,1,0,Management
29,1,1,12.0,120000.0,Temporary contract,101 to 1000,1,1,1,Management
32,1,1,25.0,100000.0,Temporary contract,11 to 50,1,1,1,Management
32,1,1,10.0,105000.0,Temporary contract,101 to 1000,1,0,0,Management
27,0,0,6.0,50000.0,Temporary contract,101 to 1000,0,0,0,Management
31,1,1,10.0,45000.0,Temporary contract,11 to 50,1,0,0,Management
33,1,0,12.0,120000.0,Temporary contract,101 to 1000,1,0,0,Management
30,1,1,2.0,48000.0,Temporary contract,1000+,1,1,1,Employee
23,1,0,4.0,34000.0,Temporary contract,up to 10,1,0,0,Employee
40,1,0,14.0,135000.0,Temporary contract,101 to 1000,1,0,0,Management
33,1,0,8.0,75000.0,Temporary contract,11 to 50,1,0,0,Management
33,1,0,5.0,70000.0,Temporary contract,1000+,1,0,0,Employee
35,1,0,15.0,60000.0,Temporary contract,101 to 1000,1,0,0,Employee
34,1,0,14.0,100000.0,Temporary contract,51 to 100,1,0,0,Management
29,1,1,2.0,55200.0,Temporary contract,1000+,1,0,0,Employee
34,1,1,3.0,70000.0,Temporary contract,101 to 1000,1,0,0,Management
27,1,0,5.0,35000.0,Temporary contract,101 to 1000,1,0,0,Management
26,1,0,5.0,80000.0,Unlimited contract,51 to 100,1,1,1,Management
26,1,0,7.0,80000.0,Unlimited contract,101 to 1000,1,0,1,Management
37,1,0,17.0,62000.0,Unlimited contract,101 to 1000,1,0,0,Management
37,1,0,6.0,57000.0,Unlimited contract,11 to 50,1,0,0,Employee
24,1,0,5.0,65000.0,Unlimited contract,1000+,1,0,0,Management
29,1,0,8.0,56000.0,Unlimited contract,101 to 1000,1,0,0,Management
35,1,0,15.0,95000.0,Unlimited contract,101 to 1000,1,0,0,Management
28,1,1,11.0,75000.0,Unlimited contract,1000+,0,1,0,Management
29,1,1,7.0,60350.0,Unlimited contract,1000+,1,0,1,Employee
27,1,0,8.0,60000.0,Unlimited contract,1000+,1,0,0,Management
34,1,0,11.0,80000.0,Unlimited contract,101 to 1000,1,1,1,Management
34,1,0,15.0,100000.0,Unlimited contract,1000+,1,0,1,Management
36,1,0,17.0,70000.0,Unlimited contract,101 to 1000,1,0,0,Management
38,1,1,18.0,80000.0,Unlimited contract,101 to 1000,1,1,1,Management
24,1,0,6.0,75000.0,Unlimited contract,101 to 1000,1,1,0,Management
32,1,0,14.0,67000.0,Unlimited contract,101 to 1000,0,1,0,Management
40,1,0,13.0,70000.0,Unlimited contract,101 to 1000,1,0,0,Management
29,1,0,6.0,85000.0,Unlimited contract,101 to 1000,1,1,0,Management
27,1,0,8.0,63000.0,Unlimited contract,101 to 1000,1,1,0,Employee
33,1,0,5.0,150000.0,Unlimited contract,1000+,1,1,1,Management
30,1,0,8.0,80000.0,Unlimited contract,101 to 1000,1,0,1,Management
29,1,0,7.0,72000.0,Unlimited contract,1000+,1,1,0,Management
30,1,0,6.0,74000.0,Unlimited contract,1000+,1,1,1,Management
48,1,0,25.0,75000.0,Unlimited contract,101 to 1000,1,0,0,Management
28,0,0,5.0,60000.0,Unlimited contract,1000+,0,0,0,Management
32,1,0,3.0,77000.0,Unlimited contract,101 to 1000,1,0,0,Employee
38,0,0,12.0,70000.0,Unlimited contract,1000+,0,1,0,Management
35,1,0,10.0,75000.0,Unlimited contract,101 to 1000,1,0,1,Management
32,1,0,8.0,65000.0,Unlimited contract,11 to 50,1,0,0,Management
44,1,0,12.0,68000.0,Unlimited contract,11 to 50,1,0,0,Management
29,1,0,5.0,75000.0,Unlimited contract,101 to 1000,1,0,0,Management
28,1,0,5.0,72000.0,Unlimited contract,101 to 1000,1,0,0,Management
34,1,0,5.0,73500.0,Unlimited contract,11 to 50,1,0,0,Management
34,1,0,13.0,72000.0,Unlimited contract,51 to 100,1,1,1,Management
36,1,0,15.0,55000.0,Unlimited contract,1000+,1,0,0,Management
29,1,0,7.0,80000.0,Unlimited contract,1000+,1,1,1,Management
30,1,0,5.0,55000.0,Unlimited contract,1000+,1,0,0,Employee
30,1,0,8.0,70200.0,Unlimited contract,1000+,0,1,1,Employee
26,0,1,6.0,60000.0,Unlimited contract,1000+,1,1,1,Employee
26,1,0,8.0,85000.0,Unlimited contract,1000+,1,0,0,Management
30,1,0,10.0,72000.0,Unlimited contract,101 to 1000,1,0,0,Management
38,1,0,17.0,68500.0,Unlimited contract,1000+,0,1,1,Employee
43,1,0,5.0,72000.0,Unlimited contract,1000+,1,0,0,Management
33,1,1,5.0,65000.0,Unlimited contract,101 to 1000,1,0,0,Employee
32,0,0,10.0,61000.0,Unlimited contract,101 to 1000,1,0,0,Management
29,1,0,7.0,78000.0,Unlimited contract,101 to 1000,1,1,0,Management
29,1,1,4.0,81000.0,Unlimited contract,101 to 1000,1,0,0,Management
30,1,0,5.0,75000.0,Unlimited contract,101 to 1000,1,1,1,Management
33,1,0,5.0,60000.0,Unlimited contract,1000+,1,0,0,Management
28,1,0,8.0,80000.0,Unlimited contract,101 to 1000,1,0,0,Management
32,1,0,7.0,60000.0,Unlimited contract,51 to 100,1,0,0,Management
30,1,0,8.0,80000.0,Unlimited contract,1000+,1,0,0,Management
26,1,0,7.0,78000.0,Unlimited contract,101 to 1000,1,1,0,Management
31,1,0,10.0,68000.0,Unlimited contract,1000+,1,0,0,Management
38,0,0,6.0,62000.0,Unlimited contract,1000+,1,0,0,Employee
25,1,0,3.0,62000.0,Unlimited contract,101 to 1000,1,0,0,Employee
27,1,0,5.0,58000.0,Unlimited contract,1000+,1,1,1,Management
35,1,0,12.0,120000.0,Unlimited contract,1000+,1,1,1,Management
26,1,1,3.0,65000.0,Unlimited contract,101 to 1000,1,1,1,Employee
33,1,0,6.0,85000.0,Unlimited contract,1000+,1,1,1,Employee
33,1,0,12.0,65000.0,Unlimited contract,101 to 1000,1,0,0,Management
32,1,0,6.0,50000.0,Unlimited contract,101 to 1000,1,0,0,Employee
24,1,0,5.0,79000.0,Unlimited contract,1000+,1,1,1,Employee
28,0,0,6.0,65000.0,Unlimited contract,1000+,0,1,0,Employee
30,0,0,8.0,75000.0,Unlimited contract,101 to 1000,1,0,0,Management
31,1,0,11.0,80000.0,Unlimited contract,1000+,1,1,0,Management
28,1,0,5.0,57000.0,Unlimited contract,1000+,1,1,0,Management
26,0,0,3.0,70000.0,Unlimited contract,1000+,1,1,0,Employee
33,1,0,6.0,63000.0,Unlimited contract,101 to 1000,1,1,1,Employee
41,1,0,18.0,72000.0,Unlimited contract,1000+,0,0,0,Employee
30,1,0,6.0,75000.0,Unlimited contract,51 to 100,1,1,0,Management
37,1,0,12.0,62000.0,Unlimited contract,101 to 1000,1,1,1,Management
25,1,0,5.0,75000.0,Unlimited contract,101 to 1000,1,1,0,Management
36,1,0,19.0,69000.0,Unlimited contract,101 to 1000,1,0,0,Management
40,1,0,7.0,54000.0,Unlimited contract,11 to 50,1,0,0,Employee
35,1,0,13.0,80000.0,Unlimited contract,101 to 1000,1,1,1,Management
30,1,0,6.0,75000.0,Unlimited contract,101 to 1000,1,1,1,Management
35,1,0,12.0,70000.0,Unlimited contract,1000+,1,1,0,Management
35,1,0,10.0,70000.0,Unlimited contract,51 to 100,0,0,0,Management
28,1,0,7.0,80000.0,Unlimited contract,101 to 1000,1,1,0,Management
35,1,0,4.0,50000.0,Unlimited contract,101 to 1000,1,1,0,Employee
31,0,0,7.0,68000.0,Unlimited contract,1000+,1,0,0,Management
28,1,0,3.0,51000.0,Unlimited contract,51 to 100,0,1,0,Employee
42,0,1,20.0,55000.0,Unlimited contract,1000+,1,0,0,Employee
36,0,0,14.0,62000.0,Unlimited contract,1000+,0,0,0,Employee
37,1,0,8.0,60000.0,Unlimited contract,51 to 100,1,0,0,Employee
33,1,0,10.0,75000.0,Unlimited contract,101 to 1000,1,1,1,Management
38,1,0,11.0,55000.0,Unlimited contract,101 to 1000,1,0,0,Management
27,1,0,4.0,60000.0,Unlimited contract,51 to 100,1,0,0,Management
36,0,0,5.0,60000.0,Unlimited contract,101 to 1000,1,1,0,Employee
32,1,0,10.0,68500.0,Unlimited contract,101 to 1000,1,1,1,Management
40,1,0,10.0,100000.0,Unlimited contract,51 to 100,1,0,0,Top Management
46,1,1,4.0,82000.0,Unlimited contract,101 to 1000,0,0,1,Management
31,1,1,9.0,90000.0,Unlimited contract,1000+,1,0,0,Management
40,1,0,25.0,85000.0,Unlimited contract,11 to 50,1,1,1,Management
33,1,0,5.0,66000.0,Unlimited contract,101 to 1000,1,1,1,Employee
34,1,0,14.0,95000.0,Unlimited contract,1000+,1,1,0,Management
36,1,0,18.0,65000.0,Unlimited contract,101 to 1000,1,1,1,Management
32,1,0,11.0,80000.0,Unlimited contract,101 to 1000,1,0,0,Management
46,1,1,14.0,80000.0,Unlimited contract,51 to 100,1,0,0,Management
30,1,0,8.0,66000.0,Unlimited contract,1000+,1,0,0,Management
31,1,0,10.0,115000.0,Unlimited contract,1000+,1,1,1,Management
26,1,0,6.0,70000.0,Unlimited contract,101 to 1000,1,0,0,Management
36,1,0,12.0,105000.0,Unlimited contract,1000+,1,1,1,Management
40,1,0,13.0,77000.0,Unlimited contract,1000+,0,1,0,Management
38,1,0,6.0,68000.0,Unlimited contract,1000+,1,1,1,Management
32,1,0,9.0,70000.0,Unlimited contract,11 to 50,1,1,1,Management
29,1,0,8.0,70000.0,Unlimited contract,1000+,1,1,1,Management
35,1,0,10.0,96000.0,Unlimited contract,11 to 50,1,1,0,Management
30,0,0,10.0,65000.0,Unlimited contract,1000+,1,1,1,Management
43,1,1,20.0,79000.0,Unlimited contract,1000+,1,0,0,Management
38,1,0,16.0,65000.0,Unlimited contract,1000+,1,0,0,Management
26,1,0,5.0,63000.0,Unlimited contract,101 to 1000,1,1,0,Employee
25,0,0,3.0,62000.0,Unlimited contract,1000+,1,0,0,Employee
34,1,1,12.0,95000.0,Unlimited contract,11 to 50,1,0,1,Management
27,1,0,5.0,65000.0,Unlimited contract,1000+,1,0,0,Employee
34,1,0,5.0,65000.0,Unlimited contract,101 to 1000,1,1,1,Employee
36,0,0,14.0,69000.0,Unlimited contract,11 to 50,1,1,1,Management
27,1,0,5.0,65000.0,Unlimited contract,1000+,1,0,0,Employee
45,1,0,10.0,77000.0,Unlimited contract,101 to 1000,1,1,1,Management
35,1,0,6.0,74000.0,Unlimited contract,51 to 100,1,1,0,Management
36,1,0,7.0,80000.0,Unlimited contract,1000+,1,1,0,Management
33,1,0,14.0,70000.0,Unlimited contract,101 to 1000,1,0,0,Management
30,1,0,10.0,56000.0,Unlimited contract,1000+,1,0,0,Employee
24,1,0,0.8,48000.0,Unlimited contract,11 to 50,1,1,1,Employee
29,1,0,8.0,65000.0,Unlimited contract,101 to 1000,1,0,0,Management
32,1,0,10.0,100000.0,Unlimited contract,1000+,1,0,0,Management
25,1,1,1.0,65000.0,Unlimited contract,1000+,1,1,0,Employee
32,1,0,9.0,95000.0,Unlimited contract,1000+,0,1,0,Management
30,1,0,7.0,100000.0,Unlimited contract,1000+,1,1,1,Management
26,0,0,6.0,65000.0,Unlimited contract,101 to 1000,1,1,1,Management
31,1,0,9.0,92500.0,Unlimited contract,1000+,1,1,0,Employee
29,0,0,6.0,54000.0,Unlimited contract,101 to 1000,1,0,0,Employee
34,1,0,14.0,72000.0,Unlimited contract,101 to 1000,1,0,0,Management
31,1,0,10.0,60000.0,Unlimited contract,1000+,1,1,0,Management
29,1,0,8.0,95000.0,Unlimited contract,1000+,1,1,1,Management
33,1,0,10.0,67000.0,Unlimited contract,1000+,1,0,0,Employee
37,1,1,15.0,72000.0,Unlimited contract,1000+,1,1,1,Management
30,1,0,4.0,42000.0,Unlimited contract,101 to 1000,1,0,0,Employee
43,1,0,5.0,64000.0,Unlimited contract,101 to 1000,1,1,1,Employee
32,0,0,2.0,52000.0,Unlimited contract,1000+,1,1,0,Employee
29,1,0,9.0,85000.0,Unlimited contract,1000+,1,0,0,Management
41,1,0,19.0,123600.0,Unlimited contract,101 to 1000,1,0,0,Management
29,1,0,5.0,57000.0,Unlimited contract,101 to 1000,1,0,0,Employee
27,1,0,7.0,72000.0,Unlimited contract,11 to 50,1,1,0,Management
39,1,0,10.0,120000.0,Unlimited contract,1000+,0,1,1,Management
33,0,0,6.5,58000.0,Unlimited contract,101 to 1000,0,1,1,Management
45,0,0,6.0,55000.0,Unlimited contract,11 to 50,1,0,0,Management
38,1,0,12.0,73000.0,Unlimited contract,51 to 100,1,1,0,Management
32,1,1,9.0,90000.0,Unlimited contract,101 to 1000,1,0,0,Management
41,1,0,21.0,80000.0,Unlimited contract,101 to 1000,1,0,0,Management
34,1,1,10.0,85000.0,Unlimited contract,1000+,1,1,0,Management
32,1,0,12.0,66800.0,Unlimited contract,51 to 100,1,0,0,Management
33,1,0,10.0,70000.0,Unlimited contract,101 to 1000,1,0,1,Management
34,1,1,12.0,90000.0,Unlimited contract,1000+,1,0,0,Management
28,1,0,7.0,70000.0,Unlimited contract,101 to 1000,1,0,0,Management
32,1,0,7.5,68000.0,Unlimited contract,101 to 1000,1,1,0,Employee
39,1,0,17.0,64000.0,Unlimited contract,101 to 1000,1,1,0,Management
30,1,0,7.0,72000.0,Unlimited contract,11 to 50,1,0,0,Management
34,1,0,12.0,70000.0,Unlimited contract,101 to 1000,1,0,0,Management
35,1,0,10.0,63500.0,Unlimited contract,101 to 1000,1,1,1,Management
38,1,0,13.0,89570.0,Unlimited contract,1000+,1,1,1,Management
34,0,0,9.0,78000.0,Unlimited contract,101 to 1000,1,1,1,Management
31,1,0,7.0,80000.0,Unlimited contract,1000+,1,0,0,Management
34,1,0,15.0,70000.0,Unlimited contract,51 to 100,1,1,1,Management
29,0,0,5.0,67000.0,Unlimited contract,101 to 1000,1,1,1,Employee
37,1,0,15.0,85000.0,Unlimited contract,1000+,1,1,0,Management
30,1,0,9.0,66000.0,Unlimited contract,101 to 1000,1,0,0,Employee
46,1,1,14.0,80000.0,Unlimited contract,51 to 100,1,0,0,Management
38,1,0,15.0,56400.0,Unlimited contract,11 to 50,1,0,0,Management
32,1,0,11.0,81200.0,Unlimited contract,1000+,1,1,0,Management
36,0,0,11.0,70000.0,Unlimited contract,1000+,0,1,0,Management
26,1,0,7.0,65000.0,Unlimited contract,101 to 1000,1,0,0,Management
29,1,0,12.0,75000.0,Unlimited contract,101 to 1000,1,1,1,Management
29,1,0,5.0,55000.0,Unlimited contract,11 to 50,1,1,1,Employee
33,1,0,10.0,75000.0,Unlimited contract,101 to 1000,1,0,0,Management
32,1,0,9.0,76000.0,Unlimited contract,101 to 1000,1,0,0,Management
34,1,0,10.0,76000.0,Unlimited contract,101 to 1000,1,1,1,Management
32,1,0,4.0,65000.0,Unlimited contract,51 to 100,1,0,1,Management
47,1,0,22.0,46000.0,Unlimited contract,up to 10,1,1,1,Management
29,1,0,8.0,65000.0,Unlimited contract,101 to 1000,1,0,0,Employee
40,1,0,18.0,60000.0,Unlimited contract,1000+,1,0,0,Management
27,1,0,5.0,71000.0,Unlimited contract,1000+,1,1,0,Management
27,1,0,5.0,65000.0,Unlimited contract,51 to 100,1,0,1,Management
30,1,0,9.0,90000.0,Unlimited contract,101 to 1000,1,0,0,Management
30,1,0,6.0,60000.0,Unlimited contract,101 to 1000,1,1,0,Employee
29,1,0,8.0,73000.0,Unlimited contract,1000+,1,1,1,Management
37,1,0,15.0,67500.0,Unlimited contract,1000+,1,1,1,Management
28,1,0,6.0,66000.0,Unlimited contract,1000+,1,1,0,Employee
28,0,0,8.0,80000.0,Unlimited contract,101 to 1000,1,0,0,Management
33,1,0,13.0,75000.0,Unlimited contract,1000+,1,1,0,Management
29,1,1,11.0,85000.0,Unlimited contract,51 to 100,1,1,1,Management
31,1,1,11.0,75000.0,Unlimited contract,1000+,1,0,0,Employee
44,1,0,28.0,78500.0,Unlimited contract,51 to 100,1,0,1,Management
35,1,0,5.0,56000.0,Unlimited contract,101 to 1000,0,1,1,Management
32,1,0,12.0,83000.0,Unlimited contract,1000+,1,1,0,Management
32,1,1,8.0,65000.0,Unlimited contract,up to 10,1,1,1,Management
33,1,0,10.0,65000.0,Unlimited contract,1000+,1,0,0,Employee
27,1,0,8.0,45000.0,Unlimited contract,51 to 100,1,0,0,Employee
32,1,0,5.0,72000.0,Unlimited contract,11 to 50,1,0,0,Employee
34,1,0,15.0,80000.0,Unlimited contract,1000+,1,1,1,Management
41,1,1,19.0,95500.0,Unlimited contract,1000+,1,1,1,Management
35,1,0,14.0,72000.0,Unlimited contract,101 to 1000,1,1,1,Management
24,1,0,3.0,77600.0,Unlimited contract,1000+,1,1,1,Employee
31,1,0,7.0,50400.0,Unlimited contract,1000+,1,1,1,Management
35,1,0,11.0,74400.0,Unlimited contract,101 to 1000,1,0,0,Management
23,1,0,4.0,70500.0,Unlimited contract,1000+,1,0,0,Employee
39,1,0,11.0,75000.0,Unlimited contract,101 to 1000,1,0,0,Management
27,0,1,3.0,58000.0,Unlimited contract,51 to 100,1,1,0,Employee
35,0,0,15.0,53000.0,Unlimited contract,1000+,0,1,0,Employee
35,1,1,11.0,66000.0,Unlimited contract,101 to 1000,1,1,1,Management
29,1,0,10.0,80000.0,Unlimited contract,101 to 1000,1,0,0,Management
24,1,0,3.0,44000.0,Unlimited contract,51 to 100,1,1,0,Employee
28,1,0,8.0,75000.0,Unlimited contract,101 to 1000,1,0,0,Management
28,1,0,9.0,60000.0,Unlimited contract,11 to 50,1,1,1,Management
37,1,1,8.0,76900.0,Unlimited contract,101 to 1000,1,1,1,Management
30,1,0,4.0,55000.0,Unlimited contract,1000+,1,0,0,Employee
34,1,0,9.0,72000.0,Unlimited contract,1000+,1,1,0,Management
39,1,1,15.0,70000.0,Unlimited contract,101 to 1000,1,0,0,Management
42,1,0,20.0,75000.0,Unlimited contract,101 to 1000,1,0,0,Management
32,0,0,7.0,63000.0,Unlimited contract,1000+,1,0,0,Management
27,1,1,4.0,62000.0,Unlimited contract,1000+,1,1,1,Employee
29,1,0,8.0,69000.0,Unlimited contract,1000+,1,1,0,Management
32,1,0,10.0,88000.0,Unlimited contract,1000+,1,1,1,Management
29,1,0,5.0,56000.0,Unlimited contract,11 to 50,1,0,0,Employee
30,1,0,7.0,55000.0,Unlimited contract,101 to 1000,1,0,0,Management
38,1,1,10.0,70000.0,Unlimited contract,1000+,1,0,1,Management
25,1,0,6.0,100000.0,Unlimited contract,1000+,1,1,0,Employee
24,1,0,3.0,30000.0,Unlimited contract,11 to 50,1,0,0,Employee
34,0,0,6.0,67500.0,Unlimited contract,1000+,1,0,0,Management
30,1,0,2.0,50000.0,Unlimited contract,101 to 1000,1,1,1,Employee
28,1,0,5.0,45000.0,Unlimited contract,11 to 50,1,0,0,Management
34,1,0,13.0,85000.0,Unlimited contract,1000+,1,0,0,Management
33,1,0,10.0,100000.0,Unlimited contract,1000+,1,0,0,Top Management
34,1,0,12.0,54000.0,Unlimited contract,101 to 1000,1,0,0,Employee
34,1,0,10.0,60000.0,Unlimited contract,11 to 50,1,0,0,Management
23,1,0,3.0,60000.0,Unlimited contract,1000+,1,1,0,Employee
30,1,0,10.0,75000.0,Unlimited contract,1000+,1,1,1,Management
32,1,0,10.0,85000.0,Unlimited contract,101 to 1000,1,0,0,Employee
40,1,0,13.0,90000.0,Unlimited contract,1000+,0,1,0,Top Management
27,1,0,6.0,82000.0,Unlimited contract,1000+,1,1,1,Employee
29,1,0,8.0,75000.0,Unlimited contract,1000+,1,0,0,Employee
23,1,1,5.0,53000.0,Unlimited contract,101 to 1000,1,0,0,Employee
31,1,0,10.0,80000.0,Unlimited contract,1000+,1,1,1,Management
33,1,0,12.0,120000.0,Unlimited contract,101 to 1000,1,1,1,Management
33,1,0,2.0,62000.0,Unlimited contract,101 to 1000,1,0,0,Employee
37,1,0,13.0,70000.0,Unlimited contract,11 to 50,0,0,0,Management
35,1,0,6.0,80000.0,Unlimited contract,11 to 50,1,0,0,Management
27,1,0,4.0,65000.0,Unlimited contract,101 to 1000,1,0,0,Employee
30,1,0,3.0,30000.0,Unlimited contract,11 to 50,0,0,0,Employee
28,1,1,4.0,70000.0,Unlimited contract,101 to 1000,1,1,1,Employee
34,1,0,10.0,70000.0,Unlimited contract,51 to 100,1,0,0,Management
39,1,0,20.0,122000.0,Unlimited contract,1000+,1,1,1,Management
35,1,0,16.0,84000.0,Unlimited contract,101 to 1000,1,0,0,Management
26,1,0,5.0,71000.0,Unlimited contract,1000+,1,0,0,Employee
28,1,0,5.0,65000.0,Unlimited contract,101 to 1000,1,0,0,Employee
33,1,0,16.0,83000.0,Unlimited contract,1000+,1,1,1,Management
34,1,0,5.0,76500.0,Unlimited contract,1000+,1,0,0,Management
31,1,0,8.0,60000.0,Unlimited contract,11 to 50,1,0,0,Management
31,1,0,8.0,79000.0,Unlimited contract,1000+,1,1,0,Management
31,1,1,5.0,90000.0,Unlimited contract,101 to 1000,1,1,1,Employee
27,1,0,6.0,82000.0,Unlimited contract,1000+,1,1,0,Employee
39,1,0,6.0,60000.0,Unlimited contract,101 to 1000,1,0,0,Management
38,1,1,24.0,130000.0,Unlimited contract,101 to 1000,1,0,0,Top Management
35,1,0,10.0,75000.0,Unlimited contract,101 to 1000,1,1,0,Management
28,1,0,2.0,36000.0,Unlimited contract,1000+,1,1,0,Employee
30,0,1,6.0,76000.0,Unlimited contract,1000+,1,1,1,Management
30,1,0,5.0,90000.0,Unlimited contract,1000+,0,1,1,Management
26,1,1,2.0,54000.0,Unlimited contract,1000+,1,1,1,Employee
25,1,0,3.0,65000.0,Unlimited contract,1000+,1,1,0,Management
30,1,0,3.0,30000.0,Unlimited contract,11 to 50,0,0,0,Employee
28,1,0,7.0,60000.0,Unlimited contract,101 to 1000,0,1,0,Top Management
25,1,0,1.0,51000.0,Unlimited contract,1000+,1,1,0,Employee
29,1,0,3.0,43000.0,Unlimited contract,51 to 100,1,1,1,Employee
30,1,0,4.0,73000.0,Unlimited contract,101 to 1000,1,0,0,Management
30,1,0,11.0,74000.0,Unlimited contract,1000+,1,1,1,Management
28,0,0,10.0,86000.0,Unlimited contract,1000+,1,1,1,Management
32,1,0,10.0,55000.0,Unlimited contract,101 to 1000,1,1,0,Employee
32,1,0,7.0,85000.0,Unlimited contract,101 to 1000,0,1,1,Management
30,0,1,4.0,56000.0,Unlimited contract,1000+,1,0,0,Employee
29,1,0,7.0,70000.0,Unlimited contract,51 to 100,1,0,0,Employee
32,0,0,10.0,68000.0,Unlimited contract,1000+,1,0,0,Employee
34,1,0,10.0,70000.0,Unlimited contract,1000+,1,0,0,Management
40,1,1,15.0,80000.0,Unlimited contract,1000+,1,0,0,Top Management
35,1,0,15.0,77000.0,Unlimited contract,1000+,1,1,1,Management
31,1,0,8.0,77000.0,Unlimited contract,1000+,1,0,0,Management
38,1,1,15.0,56000.0,Unlimited contract,11 to 50,1,1,1,Management
30,0,0,5.0,54000.0,Unlimited contract,11 to 50,1,0,0,Employee
36,1,0,18.0,98000.0,Unlimited contract,1000+,1,1,1,Top Management
41,1,0,20.0,93000.0,Unlimited contract,1000+,1,1,1,Management
41,1,0,18.0,100000.0,Unlimited contract,51 to 100,1,1,1,Management
28,0,0,6.0,70000.0,Unlimited contract,1000+,1,0,0,Management
29,1,0,5.0,70000.0,Unlimited contract,1000+,1,0,0,Management
23,1,0,3.0,80000.0,Unlimited contract,1000+,1,1,0,Employee
37,1,0,15.0,78000.0,Unlimited contract,1000+,1,0,0,Management
32,1,0,15.0,90000.0,Unlimited contract,11 to 50,1,0,0,Management
45,0,0,15.0,52000.0,Unlimited contract,11 to 50,1,0,0,Management
42,1,0,16.0,36000.0,Unlimited contract,1000+,1,0,0,Management
23,1,0,4.0,45000.0,Unlimited contract,11 to 50,0,0,0,Employee
36,1,0,14.0,75000.0,Unlimited contract,101 to 1000,1,0,0,Employee
28,1,0,7.0,95000.0,Unlimited contract,101 to 1000,1,1,0,Management
33,1,0,10.0,95000.0,Unlimited contract,1000+,1,1,1,Management
33,1,0,13.0,78600.0,Unlimited contract,101 to 1000,1,0,0,Management
31,1,0,10.0,70000.0,Unlimited contract,101 to 1000,1,1,1,Management
31,1,0,4.0,67000.0,Unlimited contract,1000+,1,1,1,Employee
38,1,0,15.0,70000.0,Unlimited contract,11 to 50,1,1,1,Management
27,0,0,1.0,63000.0,Unlimited contract,1000+,1,0,1,Employee
31,1,0,8.0,60000.0,Unlimited contract,101 to 1000,1,1,1,Management
28,0,0,3.0,54500.0,Unlimited contract,101 to 1000,1,0,0,Employee
27,1,0,2.0,90000.0,Unlimited contract,1000+,1,1,1,Management
29,1,0,8.0,82500.0,Unlimited contract,1000+,1,0,0,Top Management
28,1,0,5.0,60000.0,Unlimited contract,101 to 1000,1,0,0,Employee
38,1,0,16.0,85000.0,Unlimited contract,101 to 1000,1,0,1,Management
30,1,0,7.0,65000.0,Unlimited contract,1000+,1,1,1,Management
33,0,1,6.0,42000.0,Unlimited contract,51 to 100,1,0,0,Employee
37,1,0,16.0,65000.0,Unlimited contract,101 to 1000,1,0,0,Management
40,1,0,13.0,90000.0,Unlimited contract,1000+,0,1,0,Top Management
30,1,0,7.0,86000.0,Unlimited contract,1000+,1,0,0,Management
30,1,0,8.0,60000.0,Unlimited contract,51 to 100,1,0,0,Management
32,1,0,10.0,81000.0,Unlimited contract,1000+,1,1,1,Management
32,1,1,7.0,60000.0,Unlimited contract,101 to 1000,1,0,0,Employee
34,1,0,12.0,74000.0,Unlimited contract,101 to 1000,1,0,0,Management
28,0,0,8.0,75000.0,Unlimited contract,101 to 1000,1,0,1,Management
33,1,0,11.0,65000.0,Unlimited contract,11 to 50,1,0,0,Management
33,1,0,11.0,90000.0,Unlimited contract,1000+,1,0,0,Management
35,1,0,8.0,90000.0,Unlimited contract,1000+,1,1,1,Management
28,1,0,6.0,64000.0,Unlimited contract,101 to 1000,1,1,0,Employee
25,1,0,2.0,44000.0,Unlimited contract,1000+,1,0,0,Employee
32,1,0,10.0,80000.0,Unlimited contract,51 to 100,1,0,0,Management
32,1,0,9.0,73000.0,Unlimited contract,101 to 1000,1,1,1,Management
26,1,1,9.0,120000.0,Unlimited contract,1000+,1,1,1,Top Management
25,1,0,6.0,71750.0,Unlimited contract,1000+,1,1,1,Management
27,0,0,5.0,65000.0,Unlimited contract,51 to 100,1,0,0,Employee
28,1,0,7.0,66000.0,Unlimited contract,1000+,1,1,1,Management
34,1,0,13.0,85000.0,Unlimited contract,101 to 1000,1,0,0,Management
35,1,1,10.0,65000.0,Unlimited contract,51 to 100,1,0,0,Employee
36,1,0,10.0,85000.0,Unlimited contract,1000+,0,0,0,Management
31,0,0,8.0,45000.0,Unlimited contract,101 to 1000,1,0,0,Employee
32,1,1,10.0,62000.0,Unlimited contract,101 to 1000,1,0,0,Employee
37,1,0,17.0,77000.0,Unlimited contract,1000+,1,1,0,Management
29,1,0,5.0,65000.0,Unlimited contract,101 to 1000,1,0,0,Management
32,1,0,18.0,81000.0,Unlimited contract,1000+,0,1,0,Management
35,1,1,12.0,63000.0,Unlimited contract,101 to 1000,1,0,0,Management
41,1,0,19.0,75000.0,Unlimited contract,101 to 1000,1,0,0,Management
29,1,1,0.0,22000.0,Unlimited contract,51 to 100,1,1,1,Employee
30,1,1,6.0,65000.0,Unlimited contract,1000+,1,1,0,Employee
26,1,0,3.0,37000.0,Unlimited contract,51 to 100,1,0,0,Employee
32,1,0,13.0,70000.0,Unlimited contract,11 to 50,1,1,1,Management
33,1,0,2.0,70000.0,Unlimited contract,1000+,1,1,1,Management
32,1,0,8.0,65000.0,Unlimited contract,1000+,1,1,0,Management
43,1,0,20.0,105000.0,Unlimited contract,1000+,1,0,0,Management
33,1,0,11.0,80000.0,Unlimited contract,101 to 1000,1,0,1,Management
36,1,1,16.0,105000.0,Unlimited contract,1000+,1,1,0,Management
36,1,0,4.0,55000.0,Unlimited contract,101 to 1000,1,0,0,Employee
38,1,0,5.0,66000.0,Unlimited contract,101 to 1000,1,0,1,Employee
28,1,0,6.0,85000.0,Unlimited contract,1000+,1,1,0,Employee
30,1,0,6.0,79000.0,Unlimited contract,1000+,1,1,0,Management
30,1,1,8.0,74000.0,Unlimited contract,1000+,1,1,1,Employee
32,0,0,9.0,74000.0,Unlimited contract,101 to 1000,1,1,0,Employee
30,0,0,8.0,57760.0,Unlimited contract,11 to 50,0,1,0,Employee
34,1,0,13.0,70000.0,Unlimited contract,101 to 1000,1,0,0,Management
42,0,0,5.0,46000.0,Unlimited contract,51 to 100,1,0,0,Employee
26,1,0,2.5,60000.0,Unlimited contract,101 to 1000,1,0,0,Employee
29,1,0,6.0,70000.0,Unlimited contract,1000+,1,0,0,Employee
34,1,0,12.0,56000.0,Unlimited contract,up to 10,0,0,0,Management
31,1,0,7.0,80000.0,Unlimited contract,1000+,1,1,0,Employee
33,1,0,8.0,75000.0,Unlimited contract,1000+,1,1,1,Management
32,1,0,11.0,100000.0,Unlimited contract,1000+,1,1,0,Management
35,1,0,12.0,54000.0,Unlimited contract,101 to 1000,1,0,0,Management
34,1,0,6.0,80000.0,Unlimited contract,1000+,1,1,0,Management
31,1,0,12.0,60000.0,Unlimited contract,1000+,1,0,0,Management
33,1,1,10.0,80000.0,Unlimited contract,1000+,1,1,0,Management
28,1,1,6.0,83000.0,Unlimited contract,1000+,1,0,0,Employee
33,1,0,7.0,42000.0,Unlimited contract,1000+,0,0,0,Management
35,1,1,16.0,100000.0,Unlimited contract,1000+,1,1,1,Management
31,1,0,8.0,80000.0,Unlimited contract,1000+,1,0,0,Management
32,1,0,13.0,48000.0,Unlimited contract,51 to 100,1,0,0,Employee
38,1,0,15.0,75000.0,Unlimited contract,101 to 1000,1,0,0,Management
29,1,0,9.0,85000.0,Unlimited contract,101 to 1000,1,0,0,Management
33,1,0,13.0,110000.0,Unlimited contract,101 to 1000,1,0,0,Management
30,1,0,7.0,70000.0,Unlimited contract,101 to 1000,0,1,1,Management
39,1,0,10.0,85000.0,Unlimited contract,101 to 1000,1,0,0,Management
31,1,0,6.0,110000.0,Unlimited contract,11 to 50,1,0,0,Management
33,1,0,10.0,110000.0,Unlimited contract,101 to 1000,1,1,1,Management
30,0,0,2.0,45000.0,Unlimited contract,1000+,1,0,0,Employee
31,1,0,9.0,60000.0,Unlimited contract,1000+,1,1,1,Employee
38,1,0,15.0,80000.0,Unlimited contract,101 to 1000,0,1,0,Top Management
35,1,0,20.0,85000.0,Unlimited contract,11 to 50,1,0,0,Management
37,1,1,11.0,73000.0,Unlimited contract,101 to 1000,1,1,0,Management
37,1,0,12.0,90000.0,Unlimited contract,11 to 50,1,0,0,Management
34,1,0,9.0,80000.0,Unlimited contract,1000+,1,1,0,Management
42,1,0,20.0,70000.0,Unlimited contract,101 to 1000,1,0,0,Management
35,0,0,13.0,85000.0,Unlimited contract,101 to 1000,0,0,0,Management
33,0,1,8.0,77000.0,Unlimited contract,1000+,1,0,0,Management
46,1,0,13.0,70000.0,Unlimited contract,1000+,1,1,0,Employee
30,1,0,11.0,80000.0,Unlimited contract,101 to 1000,0,0,0,Management
34,1,0,13.0,65000.0,Unlimited contract,51 to 100,1,0,0,Management
35,1,0,15.0,85000.0,Unlimited contract,11 to 50,1,0,0,Management
31,1,1,7.0,80000.0,Unlimited contract,1000+,1,1,0,Management
42,1,0,18.0,53000.0,Unlimited contract,11 to 50,1,0,0,Employee
27,1,1,5.0,55000.0,Unlimited contract,51 to 100,1,0,0,Employee
32,1,1,11.0,68000.0,Unlimited contract,1000+,1,0,0,Employee
37,1,0,15.0,80000.0,Unlimited contract,1000+,1,1,1,Management
39,1,1,8.0,130000.0,Unlimited contract,1000+,1,1,1,Management
26,0,0,2.5,40000.0,Unlimited contract,101 to 1000,1,1,0,Employee
26,1,0,3.0,48000.0,Unlimited contract,101 to 1000,1,0,0,Employee
25,0,0,1.0,57000.0,Unlimited contract,1000+,1,0,0,Employee
40,1,0,13.0,90000.0,Unlimited contract,1000+,0,1,0,Top Management
32,0,1,1.0,55000.0,Unlimited contract,1000+,1,0,0,Employee
42,1,0,12.0,95000.0,Unlimited contract,101 to 1000,1,0,0,Management
37,1,0,14.0,84000.0,Unlimited contract,up to 10,1,1,1,Top Management
31,1,1,10.0,100000.0,Unlimited contract,11 to 50,1,1,0,Management
35,1,0,5.0,49000.0,Unlimited contract,101 to 1000,1,0,0,Employee
29,1,0,6.0,68000.0,Unlimited contract,101 to 1000,1,1,0,Employee
42,1,0,12.0,95000.0,Unlimited contract,101 to 1000,1,0,0,Management
36,1,0,14.0,81500.0,Unlimited contract,1000+,1,1,1,Management
34,1,0,10.0,75000.0,Unlimited contract,101 to 1000,1,1,1,Management
34,1,0,12.0,94000.0,Unlimited contract,1000+,1,0,0,Management
31,1,1,4.0,100000.0,Unlimited contract,1000+,1,1,1,Management
34,0,0,7.0,55000.0,Unlimited contract,101 to 1000,1,0,0,Management
33,1,0,8.0,67000.0,Unlimited contract,11 to 50,1,1,1,Management
33,1,0,12.0,56000.0,Unlimited contract,101 to 1000,1,0,0,Employee
31,1,1,5.0,77000.0,Unlimited contract,1000+,1,0,0,Management
42,1,0,12.0,95000.0,Unlimited contract,101 to 1000,1,0,0,Management
31,1,0,9.0,67473.0,Unlimited contract,101 to 1000,1,0,0,Management
42,1,0,12.0,95000.0,Unlimited contract,101 to 1000,1,0,0,Management
33,1,0,10.0,79000.0,Unlimited contract,1000+,1,0,1,Management
34,1,0,4.0,66000.0,Unlimited contract,101 to 1000,1,0,0,Employee
28,1,0,8.0,75000.0,Unlimited contract,101 to 1000,1,1,0,Management
35,1,0,6.0,66500.0,Unlimited contract,1000+,1,0,0,Employee
36,1,0,8.0,83000.0,Unlimited contract,1000+,1,0,0,Management
27,1,1,6.0,74000.0,Unlimited contract,1000+,1,1,0,Employee
27,1,0,5.0,56700.0,Unlimited contract,101 to 1000,1,0,0,Employee
29,1,0,7.0,72000.0,Unlimited contract,101 to 1000,0,0,0,Employee
38,1,0,12.0,92000.0,Unlimited contract,1000+,1,1,1,Management
29,1,0,8.0,77250.0,Unlimited contract,101 to 1000,1,1,1,Management
43,1,0,20.0,70000.0,Unlimited contract,1000+,1,1,1,Employee
26,1,0,5.0,69000.0,Unlimited contract,101 to 1000,1,1,0,Employee
30,0,1,7.0,48000.0,Unlimited contract,51 to 100,1,0,0,Management
26,1,0,6.0,70000.0,Unlimited contract,1000+,1,1,0,Management
36,1,0,5.0,106000.0,Unlimited contract,11 to 50,1,1,0,Management
23,1,1,3.0,49200.0,Unlimited contract,1000+,1,1,1,Management
26,1,0,4.0,21000.0,Unlimited contract,51 to 100,1,0,0,Employee
35,1,0,6.0,90000.0,Unlimited contract,1000+,1,1,1,Top Management
27,0,0,6.0,85600.0,Unlimited contract,101 to 1000,1,1,1,Management
35,1,1,12.0,85000.0,Unlimited contract,1000+,1,1,1,Management
31,1,0,6.0,90000.0,Unlimited contract,1000+,1,1,1,Management
36,1,1,2.0,63000.0,Unlimited contract,11 to 50,1,0,0,Employee
36,1,1,6.0,58000.0,Unlimited contract,101 to 1000,1,0,0,Employee
35,1,0,2.0,50000.0,Unlimited contract,1000+,1,1,1,Employee
32,0,0,10.0,65000.0,Unlimited contract,101 to 1000,1,1,0,Management
38,1,0,15.0,59000.0,Unlimited contract,up to 10,1,1,0,Management
28,1,1,3.0,50000.0,Unlimited contract,101 to 1000,1,1,1,Employee
34,1,0,5.0,54000.0,Unlimited contract,101 to 1000,1,1,1,Management
28,1,0,2.0,48000.0,Unlimited contract,101 to 1000,1,0,0,Employee
40,1,0,9.0,88000.0,Unlimited contract,1000+,1,1,1,Employee
38,1,0,12.0,74000.0,Unlimited contract,1000+,1,1,1,Management
32,1,0,7.0,82000.0,Unlimited contract,101 to 1000,1,1,1,Management
37,1,1,10.0,82000.0,Unlimited contract,101 to 1000,1,0,0,Management
40,1,0,16.0,72000.0,Unlimited contract,1000+,1,1,1,Management
39,1,0,12.0,82000.0,Unlimited contract,1000+,1,1,0,Management
26,0,0,5.0,65000.0,Unlimited contract,1000+,1,1,0,Employee
30,1,0,9.0,77000.0,Unlimited contract,1000+,1,0,0,Employee
31,1,0,5.0,59064.0,Unlimited contract,51 to 100,1,1,1,Employee
30,1,0,10.0,90000.0,Unlimited contract,1000+,1,1,0,Management
30,1,0,12.0,150000.0,Unlimited contract,1000+,1,1,0,Management
30,0,0,8.0,70000.0,Unlimited contract,101 to 1000,1,0,0,Management
25,1,0,5.0,53500.0,Unlimited contract,1000+,1,1,1,Employee
30,1,0,9.0,90000.0,Unlimited contract,11 to 50,0,0,1,Management
38,1,0,16.0,90000.0,Unlimited contract,101 to 1000,1,0,0,Management
32,1,0,3.0,62000.0,Unlimited contract,1000+,1,1,1,Management
30,0,0,9.0,60000.0,Unlimited contract,1000+,1,1,1,Management
34,1,0,10.0,65600.0,Unlimited contract,101 to 1000,1,1,0,Employee
36,1,0,14.0,80000.0,Unlimited contract,1000+,1,0,0,Management
28,0,0,3.0,53000.0,Unlimited contract,101 to 1000,1,0,0,Employee
25,1,0,6.0,65000.0,Unlimited contract,1000+,1,1,0,Employee
35,1,0,20.0,100000.0,Unlimited contract,1000+,1,0,0,Management
36,1,0,10.0,100000.0,Unlimited contract,1000+,1,1,1,Management
29,1,0,5.0,66000.0,Unlimited contract,1000+,1,0,0,Employee
26,1,1,4.0,55000.0,Unlimited contract,1000+,1,0,0,Employee
31,1,0,5.0,74000.0,Unlimited contract,1000+,1,1,1,Employee
34,1,0,8.0,67500.0,Unlimited contract,101 to 1000,1,1,0,Management
36,1,0,13.0,90000.0,Unlimited contract,101 to 1000,1,1,0,Top Management
36,1,1,17.0,124000.0,Unlimited contract,101 to 1000,1,1,0,Top Management
31,1,0,7.0,75000.0,Unlimited contract,101 to 1000,1,1,1,Management
28,1,0,8.0,57000.0,Unlimited contract,51 to 100,1,0,0,Management
28,1,0,8.0,57000.0,Unlimited contract,51 to 100,1,0,0,Management
22,0,1,2.0,24000.0,Unlimited contract,11 to 50,1,0,0,Employee
26,0,0,7.0,60000.0,Unlimited contract,up to 10,0,0,0,Management
30,1,1,4.0,58000.0,Unlimited contract,101 to 1000,1,0,0,Employee
35,1,0,12.0,75000.0,Unlimited contract,1000+,1,1,1,Employee
30,1,0,10.0,71000.0,Unlimited contract,101 to 1000,1,0,0,Employee
36,1,0,15.0,52500.0,Unlimited contract,11 to 50,1,0,0,Employee
42,1,0,19.0,66000.0,Unlimited contract,101 to 1000,1,1,1,Management
34,1,0,14.0,95000.0,Unlimited contract,1000+,1,1,1,Management
36,0,0,5.0,87000.0,Unlimited contract,1000+,1,1,1,Management
32,1,0,13.0,83000.0,Unlimited contract,1000+,1,1,0,Management
28,0,1,4.0,73700.0,Unlimited contract,1000+,1,1,1,Employee
37,1,0,16.0,80000.0,Unlimited contract,101 to 1000,1,0,0,Management
33,0,0,13.0,47745.0,Unlimited contract,1000+,1,1,1,Employee
30,0,0,7.0,60000.0,Unlimited contract,51 to 100,1,0,0,Management
35,1,0,14.0,98000.0,Unlimited contract,1000+,1,1,1,Management
31,1,0,4.0,69000.0,Unlimited contract,1000+,1,0,0,Management
27,1,0,2.0,50000.0,Unlimited contract,101 to 1000,1,0,0,Employee
37,1,0,12.0,65000.0,Unlimited contract,1000+,1,1,1,Employee
28,0,1,3.0,65000.0,Unlimited contract,1000+,1,0,0,Employee
36,1,0,15.0,85000.0,Unlimited contract,1000+,1,1,0,Management
35,1,0,13.0,68000.0,Unlimited contract,1000+,1,0,0,Management
32,0,0,5.0,50400.0,Unlimited contract,11 to 50,1,0,0,Employee
28,1,0,4.0,55000.0,Unlimited contract,1000+,1,0,0,Employee
30,1,0,5.0,55000.0,Unlimited contract,101 to 1000,1,1,1,Employee
31,1,1,4.0,50000.0,Unlimited contract,101 to 1000,1,0,0,Employee
32,1,0,10.0,75000.0,Unlimited contract,101 to 1000,1,1,1,Management
34,1,0,10.0,74000.0,Unlimited contract,1000+,1,0,0,Management
29,1,1,5.0,65000.0,Unlimited contract,101 to 1000,1,0,0,Employee
29,1,0,5.0,65000.0,Unlimited contract,101 to 1000,1,0,0,Employee
30,1,0,10.0,85000.0,Unlimited contract,1000+,0,1,0,Management
27,1,0,2.0,68000.0,Unlimited contract,101 to 1000,1,1,1,Employee
34,1,0,12.0,72000.0,Unlimited contract,101 to 1000,1,1,1,Employee
35,1,1,4.0,67000.0,Unlimited contract,51 to 100,1,1,1,Management
36,1,0,10.0,75000.0,Unlimited contract,101 to 1000,1,0,0,Management
35,1,0,15.0,85000.0,Unlimited contract,101 to 1000,1,1,0,Management
25,0,0,4.0,45000.0,Unlimited contract,101 to 1000,1,1,0,Employee
34,1,0,14.0,84000.0,Unlimited contract,11 to 50,1,1,1,Management
32,1,0,8.0,75000.0,Unlimited contract,1000+,1,0,0,Management
43,1,0,18.0,115000.0,Unlimited contract,1000+,1,1,1,Management
33,1,0,8.0,90000.0,Unlimited contract,101 to 1000,1,1,1,Management
44,1,0,15.0,72000.0,Unlimited contract,11 to 50,1,0,0,Management
26,1,1,2.5,60000.0,Unlimited contract,1000+,1,1,1,Employee
32,0,0,2.0,63000.0,Unlimited contract,101 to 1000,1,1,0,Employee
27,1,0,6.0,70000.0,Unlimited contract,1000+,1,1,1,Employee
29,1,1,6.0,70000.0,Unlimited contract,1000+,1,1,0,Management
24,1,0,3.5,70000.0,Unlimited contract,1000+,1,0,0,Employee
28,1,0,7.0,62000.0,Unlimited contract,101 to 1000,1,1,0,Employee
40,1,0,14.0,57000.0,Unlimited contract,101 to 1000,1,1,0,Employee
32,1,0,9.0,90000.0,Unlimited contract,101 to 1000,1,0,0,Management
32,1,0,11.0,72500.0,Unlimited contract,1000+,1,1,1,Management
30,1,0,9.0,85000.0,Unlimited contract,1000+,1,1,1,Management
36,1,0,16.0,62500.0,Unlimited contract,51 to 100,1,0,0,Management
33,1,0,7.0,65900.0,Unlimited contract,1000+,1,1,0,Management
33,1,0,15.0,85000.0,Unlimited contract,1000+,1,1,0,Management
32,1,0,13.0,95000.0,Unlimited contract,1000+,1,1,1,Employee
34,1,0,12.0,75000.0,Unlimited contract,1000+,1,1,1,Management
28,0,0,5.0,64000.0,Unlimited contract,1000+,1,1,0,Management
38,1,1,6.0,110000.0,Unlimited contract,1000+,1,1,1,Management
33,1,0,11.0,107000.0,Unlimited contract,1000+,1,1,0,Management
36,1,0,15.0,70000.0,Unlimited contract,101 to 1000,1,1,1,Management
37,1,1,15.0,70000.0,Unlimited contract,101 to 1000,1,1,0,Management
31,1,0,7.0,75000.0,Unlimited contract,101 to 1000,1,0,1,Management
30,1,0,11.0,90000.0,Unlimited contract,1000+,1,1,1,Management
26,1,0,5.0,72000.0,Unlimited contract,1000+,1,0,0,Employee
29,1,0,9.0,73000.0,Unlimited contract,1000+,1,1,1,Management
31,1,0,4.0,50000.0,Unlimited contract,11 to 50,1,0,0,Employee
36,1,0,10.0,68000.0,Unlimited contract,1000+,1,1,1,Employee
29,1,0,6.0,70000.0,Unlimited contract,1000+,1,1,1,Employee
30,0,0,3.0,57600.0,Unlimited contract,101 to 1000,1,0,0,Management
30,1,0,8.0,68000.0,Unlimited contract,51 to 100,1,1,0,Management
29,1,0,5.0,75000.0,Unlimited contract,101 to 1000,1,0,0,Management
34,1,0,14.0,95000.0,Unlimited contract,1000+,1,1,1,Management
34,1,0,14.0,90000.0,Unlimited contract,1000+,1,1,1,Management
27,1,0,8.0,52000.0,Unlimited contract,11 to 50,1,0,0,Management
35,1,1,12.0,100000.0,Unlimited contract,51 to 100,1,1,1,Management
24,1,0,5.0,68250.0,Unlimited contract,101 to 1000,1,0,0,Management
28,1,0,7.0,63000.0,Unlimited contract,101 to 1000,1,1,1,Employee
25,1,0,5.0,65000.0,Unlimited contract,1000+,1,1,0,Employee
35,1,0,12.0,75000.0,Unlimited contract,1000+,1,0,0,Management
39,1,1,7.0,76000.0,Unlimited contract,1000+,1,1,1,Management
37,1,0,15.0,84700.0,Unlimited contract,101 to 1000,1,1,1,Management
38,1,0,16.0,95000.0,Unlimited contract,1000+,0,1,1,Management
32,1,0,10.0,130000.0,Unlimited contract,1000+,1,0,0,Management
28,1,0,5.0,55000.0,Unlimited contract,101 to 1000,1,0,0,Employee
31,1,1,9.0,70000.0,Unlimited contract,51 to 100,1,1,1,Management
33,1,0,10.0,60000.0,Unlimited contract,1000+,1,1,1,Management
32,0,0,10.0,49000.0,Unlimited contract,51 to 100,1,0,0,Employee
36,1,0,7.0,42000.0,Unlimited contract,up to 10,1,0,0,Employee
56,1,0,9.0,75000.0,Temporary contract,1000+,1,0,0,Management
32,1,1,6.0,58000.0,Temporary contract,1000+,1,0,0,Employee
38,0,1,3.0,65000.0,Temporary contract,1000+,1,0,0,Employee
26,0,0,8.0,40000.0,Temporary contract,101 to 1000,1,1,0,Employee
25,1,0,5.0,65000.0,Unlimited contract,1000+,1,0,0,Management
28,0,0,7.0,45000.0,Unlimited contract,1000+,1,0,0,Employee
49,1,0,15.0,67000.0,Unlimited contract,1000+,1,1,0,Management
28,0,0,7.0,45000.0,Unlimited contract,1000+,1,0,0,Employee
35,1,0,11.0,65000.0,Unlimited contract,101 to 1000,1,1,0,Management
45,1,0,26.0,93000.0,Unlimited contract,1000+,1,1,1,Management
35,0,0,3.0,55000.0,Unlimited contract,1000+,1,1,0,Employee
31,0,0,14.0,80000.0,Unlimited contract,1000+,1,0,0,Employee
37,1,0,15.0,75000.0,Unlimited contract,101 to 1000,1,0,0,Management
37,1,0,6.0,62000.0,Unlimited contract,101 to 1000,0,1,1,Employee
42,1,0,20.0,80000.0,Unlimited contract,51 to 100,1,0,0,Management
26,1,1,5.5,48000.0,Unlimited contract,1000+,1,1,0,Employee
46,1,0,13.0,70000.0,Unlimited contract,101 to 1000,1,1,1,Management
46,1,0,12.0,85000.0,Unlimited contract,1000+,1,1,1,Management
30,0,1,5.0,50000.0,Unlimited contract,101 to 1000,1,1,1,Employee
35,0,0,15.0,76000.0,Unlimited contract,1000+,1,0,0,Management
30,1,0,9.0,63000.0,Unlimited contract,101 to 1000,1,0,0,Employee
31,0,0,4.0,65000.0,Unlimited contract,1000+,1,1,1,Employee
35,1,0,14.0,80000.0,Unlimited contract,1000+,0,1,1,Management
39,1,0,5.0,56000.0,Unlimited contract,1000+,1,1,1,Employee
40,1,0,18.0,78000.0,Unlimited contract,1000+,1,1,1,Management
42,1,1,20.0,80000.0,Unlimited contract,1000+,1,0,0,Management
45,1,0,25.0,75000.0,Unlimited contract,1000+,1,1,1,Management
65,1,0,25.0,55000.0,Unlimited contract,51 to 100,1,0,0,Management
34,1,0,12.0,78000.0,Unlimited contract,1000+,1,1,1,Management
27,1,0,4.0,46000.0,Unlimited contract,up to 10,1,1,1,Employee
33,1,0,10.0,78000.0,Unlimited contract,51 to 100,1,0,0,Management
25,1,0,2.0,48000.0,Unlimited contract,11 to 50,1,1,1,Employee
28,1,0,5.0,55000.0,Unlimited contract,101 to 1000,1,1,0,Employee
40,1,0,22.0,72000.0,Unlimited contract,1000+,1,1,1,Management
36,1,0,10.0,82000.0,Unlimited contract,51 to 100,1,0,0,Management
31,0,0,2.0,58000.0,Unlimited contract,1000+,1,1,1,Employee
40,0,0,8.0,57000.0,Unlimited contract,51 to 100,1,1,1,Management
38,1,0,10.0,62000.0,Unlimited contract,51 to 100,1,0,0,Management
32,1,0,12.0,66300.0,Unlimited contract,101 to 1000,1,1,1,Management
36,1,0,15.0,79300.0,Unlimited contract,1000+,1,1,1,Management
31,1,1,4.0,62000.0,Unlimited contract,1000+,1,1,0,Employee
33,1,0,10.0,55000.0,Unlimited contract,101 to 1000,1,0,0,Employee
33,1,0,9.0,100000.0,Unlimited contract,51 to 100,1,0,0,Management
40,1,1,11.0,60000.0,Unlimited contract,101 to 1000,1,1,1,Management
40,1,0,17.0,81000.0,Unlimited contract,11 to 50,1,1,1,Management
36,0,0,10.0,48000.0,Unlimited contract,101 to 1000,1,0,0,Employee
36,1,0,10.0,88000.0,Unlimited contract,1000+,1,0,0,Management
31,1,0,3.0,63000.0,Unlimited contract,51 to 100,1,1,1,Employee
35,1,0,15.0,63000.0,Unlimited contract,51 to 100,1,1,0,Management
25,0,0,3.0,53000.0,Unlimited contract,1000+,1,1,1,Employee
35,1,0,10.0,78000.0,Unlimited contract,up to 10,1,1,1,Management
28,1,0,4.0,44000.0,Unlimited contract,101 to 1000,1,1,1,Employee
30,1,1,6.0,51000.0,Unlimited contract,101 to 1000,1,1,0,Employee
32,0,0,9.0,60000.0,Unlimited contract,101 to 1000,0,0,0,Employee
43,1,0,10.0,57600.0,Unlimited contract,101 to 1000,1,1,1,Management
35,1,0,1.0,30000.0,Unlimited contract,up to 10,1,0,0,Employee
43,1,0,20.0,82000.0,Unlimited contract,1000+,1,1,1,Management
29,1,0,6.0,55000.0,Unlimited contract,11 to 50,1,0,0,Employee
28,1,0,5.0,72000.0,Unlimited contract,11 to 50,1,0,1,Employee
24,1,0,2.0,50000.0,Unlimited contract,1000+,1,0,1,Employee
39,1,0,15.0,78000.0,Unlimited contract,101 to 1000,1,1,1,Management
39,0,0,11.0,93000.0,Unlimited contract,1000+,0,0,0,Management
34,0,1,11.0,60000.0,Unlimited contract,1000+,1,1,0,Management
37,1,0,8.0,54000.0,Unlimited contract,101 to 1000,0,0,0,Employee
27,0,0,1.0,42000.0,Unlimited contract,101 to 1000,1,1,1,Employee
33,1,0,14.0,80000.0,Unlimited contract,11 to 50,1,0,0,Management
33,1,0,7.0,90000.0,Unlimited contract,1000+,1,0,1,Management
32,0,0,10.0,65000.0,Unlimited contract,1000+,1,1,0,Management
38,1,0,8.0,64000.0,Unlimited contract,1000+,1,1,1,Management
38,0,0,14.0,70000.0,Unlimited contract,1000+,1,1,1,Employee
26,1,0,2.0,25000.0,Unlimited contract,11 to 50,1,1,1,Employee
34,1,0,6.0,90000.0,Unlimited contract,1000+,1,1,0,Top Management
33,0,0,6.0,58000.0,Unlimited contract,1000+,1,1,1,Employee
29,1,1,6.0,92000.0,Unlimited contract,1000+,1,1,1,Top Management
30,1,0,5.0,55000.0,Unlimited contract,11 to 50,1,1,0,Employee
27,1,0,1.0,45000.0,Unlimited contract,11 to 50,1,1,1,Employee
32,1,0,7.0,70000.0,Unlimited contract,51 to 100,1,1,0,Management
32,0,0,5.0,80000.0,Unlimited contract,1000+,1,0,0,Management
28,1,0,6.0,100000.0,Unlimited contract,11 to 50,1,1,1,Employee
34,0,0,11.0,60000.0,Unlimited contract,1000+,1,1,1,Management
38,1,1,10.0,87550.0,Unlimited contract,101 to 1000,1,0,0,Management
25,1,1,2.0,60000.0,Unlimited contract,11 to 50,1,1,1,Employee
33,1,1,3.0,100000.0,Unlimited contract,51 to 100,1,1,0,Top Management
30,1,0,5.0,69000.0,Unlimited contract,up to 10,0,1,0,Employee
37,0,0,7.0,46000.0,Unlimited contract,101 to 1000,1,1,1,Employee
41,1,0,15.0,99000.0,Unlimited contract,1000+,1,1,1,Management
34,0,0,10.0,45000.0,Unlimited contract,up to 10,1,0,0,Management
44,1,1,20.0,95000.0,Unlimited contract,101 to 1000,1,1,1,Top Management
33,0,0,10.0,60000.0,Unlimited contract,1000+,1,1,1,Employee
27,1,0,3.0,52000.0,Unlimited contract,11 to 50,1,0,0,Employee
38,1,0,18.0,90000.0,Unlimited contract,51 to 100,0,1,1,Top Management
30,1,0,8.0,27000.0,Temporary contract,51 to 100,1,0,0,Employee
41,1,1,22.0,50000.0,Unlimited contract,51 to 100,1,0,0,Top Management
29,1,0,2.0,18700.0,Unlimited contract,1000+,1,1,1,Employee
30,1,0,5.0,14712.0,Unlimited contract,101 to 1000,1,0,0,Employee
44,1,0,10.0,75000.0,Unlimited contract,101 to 1000,1,1,1,Management
39,1,0,16.0,62400.0,Unlimited contract,1000+,1,1,1,Management
28,1,0,5.0,50000.0,Unlimited contract,101 to 1000,1,1,1,Employee
32,1,0,12.0,95000.0,Unlimited contract,1000+,0,1,0,Management
26,1,0,5.0,20000.0,Unlimited contract,1000+,1,1,0,Employee
26,1,1,5.0,20000.0,Unlimited contract,1000+,1,1,0,Employee
26,0,0,4.0,64000.0,Unlimited contract,1000+,1,0,0,Employee
37,0,1,2.0,62000.0,Unlimited contract,101 to 1000,1,0,1,Employee
28,1,0,2.0,47000.0,Unlimited contract,1000+,1,0,0,Employee
30,1,0,9.0,60000.0,Temporary contract,1000+,1,1,0,Management
30,1,0,9.0,60000.0,Temporary contract,1000+,1,1,0,Management
33,1,1,11.0,80000.0,Temporary contract,101 to 1000,1,0,1,Management
31,0,0,1.0,57000.0,Unlimited contract,1000+,1,1,1,Employee
37,1,0,6.0,69200.0,Unlimited contract,101 to 1000,1,0,0,Employee
25,0,0,3.0,23000.0,Temporary contract,51 to 100,1,1,0,Employee
29,1,0,4.0,78000.0,Unlimited contract,1000+,1,1,1,Employee
33,1,0,8.0,75000.0,Unlimited contract,1000+,1,1,0,Management
35,1,0,14.0,44000.0,Temporary contract,101 to 1000,0,0,0,Employee
31,0,0,11.0,32000.0,Temporary contract,101 to 1000,0,0,0,Employee
33,1,0,10.0,68000.0,Temporary contract,11 to 50,1,0,0,Management
37,1,0,15.0,70000.0,Temporary contract,11 to 50,1,0,0,Management
32,1,0,7.0,65000.0,Temporary contract,51 to 100,1,0,1,Management
26,0,1,4.0,45000.0,Temporary contract,101 to 1000,1,0,0,Employee
22,0,0,4.0,39000.0,Temporary contract,1000+,1,0,0,Employee
33,1,0,7.0,54000.0,Temporary contract,51 to 100,1,0,0,Employee
28,1,0,8.0,25000.0,Temporary contract,11 to 50,1,1,1,Management
30,1,1,7.0,49000.0,Temporary contract,11 to 50,1,0,0,Management
25,1,0,2.0,51000.0,Temporary contract,up to 10,1,1,0,Employee
28,1,0,4.0,54000.0,Unlimited contract,51 to 100,1,0,0,Employee
32,1,0,5.0,76000.0,Unlimited contract,11 to 50,1,1,1,Management
34,1,0,14.0,70000.0,Unlimited contract,11 to 50,1,0,0,Management
41,1,1,18.0,78000.0,Unlimited contract,51 to 100,0,0,0,Management
31,1,0,5.0,65000.0,Unlimited contract,101 to 1000,1,0,0,Employee
29,0,0,7.0,45000.0,Unlimited contract,51 to 100,0,1,0,Employee
39,1,0,8.0,80000.0,Unlimited contract,51 to 100,1,0,0,Management
28,1,0,5.0,75000.0,Unlimited contract,101 to 1000,1,0,0,Management
38,1,0,10.0,70000.0,Unlimited contract,51 to 100,1,0,0,Management
31,1,1,7.0,76000.0,Unlimited contract,101 to 1000,1,1,0,Management
29,0,0,8.0,60000.0,Unlimited contract,51 to 100,0,0,0,Management
28,1,0,3.0,55000.0,Unlimited contract,11 to 50,1,0,0,Employee
29,1,0,6.0,53000.0,Unlimited contract,11 to 50,1,0,0,Employee
31,1,0,11.0,80000.0,Unlimited contract,101 to 1000,1,0,0,Management
27,1,0,5.0,78000.0,Unlimited contract,1000+,1,0,0,Management
31,0,0,6.0,60000.0,Unlimited contract,101 to 1000,1,0,1,Employee
31,1,0,9.0,60000.0,Unlimited contract,11 to 50,1,0,0,Management
24,1,1,4.0,73000.0,Unlimited contract,101 to 1000,1,1,1,Management
37,1,0,10.0,55000.0,Unlimited contract,11 to 50,1,0,0,Management
36,1,0,12.0,72000.0,Unlimited contract,up to 10,1,0,0,Management
34,1,0,7.0,65000.0,Unlimited contract,up to 10,1,0,0,Management
29,1,0,8.0,72000.0,Unlimited contract,101 to 1000,1,0,0,Management
28,1,0,6.0,65000.0,Unlimited contract,11 to 50,1,1,1,Management
31,1,0,9.0,60000.0,Unlimited contract,11 to 50,1,1,0,Management
31,1,0,8.0,70000.0,Unlimited contract,101 to 1000,1,1,0,Management
34,1,0,10.0,75000.0,Unlimited contract,101 to 1000,1,1,1,Management
25,1,0,4.0,60000.0,Unlimited contract,11 to 50,1,0,0,Employee
30,1,0,7.0,150000.0,Unlimited contract,1000+,0,0,0,Top Management
42,1,0,22.0,70000.0,Unlimited contract,1000+,1,0,0,Management
31,1,0,10.0,71060.0,Unlimited contract,51 to 100,1,1,1,Management
33,0,0,6.0,60000.0,Unlimited contract,101 to 1000,1,0,0,Employee
29,1,0,8.0,55000.0,Unlimited contract,11 to 50,1,0,0,Employee
33,1,1,10.0,62000.0,Unlimited contract,51 to 100,1,0,0,Employee
33,0,1,8.0,50000.0,Unlimited contract,11 to 50,1,0,0,Management
31,1,0,12.0,85000.0,Unlimited contract,11 to 50,1,1,0,Management
29,1,1,7.0,64000.0,Unlimited contract,101 to 1000,1,0,0,Management
34,1,0,11.0,60000.0,Unlimited contract,11 to 50,0,0,0,Management
30,1,0,3.0,58000.0,Unlimited contract,11 to 50,1,0,0,Management
35,1,1,15.0,70000.0,Unlimited contract,51 to 100,1,0,0,Management
33,1,0,15.0,100000.0,Unlimited contract,11 to 50,1,1,1,Management
34,1,0,7.0,72000.0,Unlimited contract,101 to 1000,0,0,0,Employee
34,1,0,14.0,95000.0,Unlimited contract,101 to 1000,1,1,1,Top Management
33,1,0,6.0,49000.0,Unlimited contract,51 to 100,1,0,0,Employee
33,0,0,9.0,57000.0,Unlimited contract,101 to 1000,1,0,0,Employee
29,1,0,9.0,62000.0,Unlimited contract,101 to 1000,0,1,0,Management
30,1,0,11.0,55000.0,Unlimited contract,11 to 50,1,0,0,Management
25,1,1,7.0,60000.0,Unlimited contract,11 to 50,1,0,0,Management
34,1,0,10.0,68000.0,Unlimited contract,11 to 50,1,0,0,Management
44,1,0,22.0,76000.0,Unlimited contract,51 to 100,1,0,0,Management
28,1,1,5.0,67000.0,Unlimited contract,up to 10,1,1,1,Management
28,1,0,9.0,60000.0,Unlimited contract,up to 10,1,0,0,Management
32,1,0,9.0,75000.0,Unlimited contract,1000+,1,0,0,Management
46,1,1,10.0,68500.0,Unlimited contract,51 to 100,1,0,0,Management
35,1,0,13.0,95000.0,Unlimited contract,51 to 100,1,1,0,Management
38,1,0,5.0,80000.0,Unlimited contract,101 to 1000,0,0,1,Management
30,1,0,8.0,75000.0,Unlimited contract,11 to 50,1,1,1,Management
33,1,0,10.0,85000.0,Unlimited contract,1000+,0,0,0,Management
31,1,0,4.0,95000.0,Unlimited contract,1000+,1,0,0,Management
28,0,0,3.0,60000.0,Unlimited contract,101 to 1000,1,0,0,Employee
24,1,0,4.0,46000.0,Unlimited contract,51 to 100,1,0,0,Employee
26,1,0,8.0,105000.0,Unlimited contract,1000+,1,1,1,Management
30,0,0,4.0,52000.0,Unlimited contract,51 to 100,0,0,0,Employee
23,1,0,3.0,65000.0,Unlimited contract,51 to 100,1,1,0,Management
27,1,0,5.0,90000.0,Unlimited contract,11 to 50,1,1,1,Management
31,1,0,11.0,81000.0,Unlimited contract,101 to 1000,1,0,0,Management
26,1,0,7.0,60000.0,Unlimited contract,101 to 1000,1,1,1,Employee
27,0,0,2.0,64000.0,Unlimited contract,101 to 1000,1,0,0,Employee
38,1,0,16.0,83000.0,Unlimited contract,1000+,1,1,1,Management
33,0,0,6.0,65000.0,Unlimited contract,1000+,1,0,0,Employee
29,1,0,7.0,65000.0,Unlimited contract,101 to 1000,1,1,1,Management
25,0,1,4.0,60000.0,Unlimited contract,11 to 50,1,0,0,Employee
29,1,0,6.0,56000.0,Unlimited contract,11 to 50,0,0,0,Employee
40,0,0,1.5,50000.0,Unlimited contract,51 to 100,1,0,1,Employee
42,1,0,17.0,75000.0,Unlimited contract,101 to 1000,1,1,1,Management
35,1,0,14.0,77000.0,Unlimited contract,101 to 1000,1,0,0,Management
31,1,1,10.0,82000.0,Unlimited contract,101 to 1000,1,0,0,Management
38,1,0,15.0,100000.0,Unlimited contract,101 to 1000,1,1,0,Top Management
31,1,1,3.0,70000.0,Unlimited contract,11 to 50,1,0,0,Management
30,1,0,10.0,70000.0,Unlimited contract,11 to 50,1,0,0,Management
33,1,1,11.0,65000.0,Unlimited contract,51 to 100,1,0,0,Management
36,1,0,14.0,78000.0,Unlimited contract,11 to 50,1,0,0,Management
27,0,0,1.0,50000.0,Unlimited contract,11 to 50,1,0,1,Employee
39,1,0,7.0,70000.0,Unlimited contract,101 to 1000,1,1,1,Management
29,0,0,9.0,66000.0,Unlimited contract,101 to 1000,1,0,0,Management
32,1,1,7.0,72000.0,Unlimited contract,11 to 50,1,0,0,Management
26,1,0,5.0,59000.0,Unlimited contract,101 to 1000,1,0,0,Employee
32,1,0,7.0,68000.0,Unlimited contract,101 to 1000,1,0,0,Employee
36,1,1,5.0,50000.0,Unlimited contract,101 to 1000,1,1,0,Employee
32,1,0,10.0,65000.0,Unlimited contract,51 to 100,1,1,0,Employee
28,1,0,5.0,56000.0,Unlimited contract,11 to 50,1,1,1,Employee
27,1,0,7.0,80000.0,Unlimited contract,101 to 1000,1,0,0,Management
29,1,0,10.0,78000.0,Unlimited contract,11 to 50,1,1,0,Management
35,1,0,10.0,75000.0,Unlimited contract,1000+,1,0,0,Management
31,1,1,10.0,115000.0,Unlimited contract,51 to 100,1,1,1,Top Management
22,1,0,4.0,63000.0,Unlimited contract,101 to 1000,1,0,0,Employee
29,1,0,9.0,74000.0,Unlimited contract,1000+,1,0,0,Management
30,1,0,6.0,72000.0,Unlimited contract,1000+,0,1,1,Management
35,1,0,13.0,90000.0,Unlimited contract,up to 10,1,0,0,Management
33,1,0,10.0,75000.0,Unlimited contract,101 to 1000,1,0,0,Management
25,1,0,4.5,75000.0,Unlimited contract,11 to 50,1,1,0,Employee
34,1,0,10.0,85000.0,Unlimited contract,101 to 1000,1,0,0,Management
31,1,0,9.0,99000.0,Unlimited contract,101 to 1000,1,1,1,Management
37,1,0,12.0,102000.0,Unlimited contract,101 to 1000,1,0,0,Management
33,1,1,13.0,85000.0,Unlimited contract,101 to 1000,1,1,1,Management
36,0,1,5.0,75000.0,Unlimited contract,51 to 100,1,0,0,Management
32,0,0,6.0,75000.0,Unlimited contract,101 to 1000,1,0,0,Management
32,0,1,10.0,75000.0,Unlimited contract,11 to 50,1,0,0,Employee
31,1,0,5.0,76000.0,Unlimited contract,51 to 100,0,1,1,Management
33,1,0,13.0,70000.0,Unlimited contract,101 to 1000,1,0,0,Management
28,1,0,7.0,80000.0,Unlimited contract,11 to 50,1,0,1,Management
38,1,1,15.0,100000.0,Unlimited contract,101 to 1000,1,1,0,Top Management
25,1,0,8.0,85000.0,Unlimited contract,51 to 100,1,1,0,Management
28,1,0,8.0,67000.0,Unlimited contract,51 to 100,1,0,0,Management
35,1,0,13.0,103000.0,Unlimited contract,101 to 1000,1,1,1,Management
33,1,0,10.0,74000.0,Unlimited contract,101 to 1000,1,0,0,Management
25,1,0,6.0,86000.0,Unlimited contract,101 to 1000,1,0,1,Management
24,0,0,3.0,29000.0,Unlimited contract,11 to 50,1,0,0,Employee
29,0,0,5.0,55000.0,Unlimited contract,11 to 50,1,0,0,Employee
30,1,0,9.0,85000.0,Unlimited contract,51 to 100,1,0,0,Top Management
30,1,0,7.0,80000.0,Unlimited contract,1000+,0,0,0,Employee
39,1,0,19.0,87000.0,Unlimited contract,11 to 50,1,1,1,Management
30,1,0,8.0,73000.0,Unlimited contract,51 to 100,0,0,0,Management
28,1,0,6.0,75000.0,Unlimited contract,11 to 50,1,0,0,Management
32,1,1,9.0,90000.0,Unlimited contract,51 to 100,1,0,0,Management
30,1,1,8.0,68000.0,Unlimited contract,51 to 100,1,0,0,Management
42,1,0,20.0,65000.0,Unlimited contract,101 to 1000,1,1,1,Management
25,1,1,1.0,42000.0,Unlimited contract,up to 10,1,1,0,Employee
27,1,0,4.0,70000.0,Unlimited contract,11 to 50,1,0,0,Management
28,1,1,7.0,90000.0,Unlimited contract,101 to 1000,1,0,0,Management
30,1,1,5.0,45000.0,Unlimited contract,up to 10,1,0,0,Employee
30,1,0,5.0,80000.0,Unlimited contract,11 to 50,1,1,1,Top Management
30,1,0,10.0,151872.0,Unlimited contract,1000+,1,1,0,Management
30,0,1,5.0,51000.0,Unlimited contract,11 to 50,1,0,0,Employee
36,1,0,5.0,70000.0,Unlimited contract,101 to 1000,1,0,0,Management
32,0,0,1.0,48000.0,Unlimited contract,101 to 1000,1,0,0,Employee
35,0,0,2.0,40000.0,Unlimited contract,101 to 1000,1,0,0,Employee
30,1,1,7.0,100000.0,Unlimited contract,101 to 1000,1,0,0,Top Management
34,1,0,16.0,91000.0,Unlimited contract,101 to 1000,1,0,0,Management
25,0,1,2.0,45000.0,Unlimited contract,1000+,1,1,1,Employee
34,1,0,13.0,105000.0,Unlimited contract,11 to 50,1,1,1,Management
36,1,0,5.0,60000.0,Unlimited contract,101 to 1000,1,0,0,Employee
32,1,0,10.0,80000.0,Unlimited contract,11 to 50,1,1,0,Management
28,1,1,0.0,48000.0,Unlimited contract,11 to 50,1,0,0,Employee
29,1,1,6.0,57000.0,Unlimited contract,up to 10,1,0,0,Employee
28,1,0,1.0,43000.0,Unlimited contract,up to 10,1,1,1,Employee
35,1,1,12.0,77000.0,Unlimited contract,1000+,1,1,1,Management
37,0,0,8.0,67000.0,Unlimited contract,1000+,1,0,0,Employee
24,1,1,5.0,64000.0,Unlimited contract,11 to 50,1,0,0,Management
34,1,0,14.0,96000.0,Unlimited contract,1000+,1,1,1,Management
26,1,0,5.0,72000.0,Unlimited contract,11 to 50,1,0,0,Employee
33,1,1,13.0,83000.0,Unlimited contract,51 to 100,1,0,0,Management
29,1,1,9.0,75000.0,Unlimited contract,51 to 100,1,0,0,Management
29,1,0,11.0,140000.0,Unlimited contract,up to 10,1,0,0,Management
32,1,0,14.0,80000.0,Unlimited contract,101 to 1000,1,1,1,Management
30,1,1,2.0,50000.0,Unlimited contract,11 to 50,1,1,1,Employee
30,1,1,6.0,59000.0,Unlimited contract,51 to 100,1,0,0,Employee
30,1,1,5.0,52500.0,Unlimited contract,11 to 50,1,0,0,Employee
48,1,0,15.0,30000.0,Unlimited contract,up to 10,1,0,0,Management
31,1,0,7.0,83000.0,Unlimited contract,101 to 1000,1,1,1,Management
22,1,1,3.0,10001.0,Unlimited contract,up to 10,1,0,0,Employee
29,1,1,5.0,75000.0,Unlimited contract,11 to 50,1,0,0,Management
27,1,0,5.0,58000.0,Unlimited contract,101 to 1000,1,1,0,Employee
29,1,0,5.0,57750.0,Unlimited contract,101 to 1000,0,0,0,Employee
29,1,0,6.0,64800.0,Unlimited contract,11 to 50,1,1,1,Management
26,1,0,4.0,75000.0,Unlimited contract,101 to 1000,1,1,0,Employee
23,0,0,1.0,36000.0,Unlimited contract,1000+,1,1,1,Employee
36,1,0,16.0,120000.0,Unlimited contract,101 to 1000,1,1,1,Management
27,1,1,0.0,50000.0,Unlimited contract,up to 10,1,1,0,Employee
32,1,0,5.0,70000.0,Unlimited contract,11 to 50,1,0,0,Management
31,1,1,4.0,68000.0,Unlimited contract,101 to 1000,1,0,1,Management
36,1,0,6.0,110000.0,Unlimited contract,101 to 1000,1,1,1,Management
26,1,0,6.0,93000.0,Unlimited contract,11 to 50,1,1,0,Management
31,1,0,9.0,65000.0,Unlimited contract,51 to 100,1,1,0,Management
25,0,1,1.5,49850.0,Unlimited contract,11 to 50,1,1,0,Employee
32,1,0,10.0,80000.0,Unlimited contract,11 to 50,1,0,0,Management
38,1,0,1.0,45500.0,Unlimited contract,51 to 100,1,1,0,Employee
31,0,1,4.0,60000.0,Unlimited contract,101 to 1000,0,0,0,Employee
28,1,0,5.0,54000.0,Unlimited contract,up to 10,1,1,1,Employee
28,1,0,3.0,45000.0,Unlimited contract,up to 10,1,0,0,Employee
39,1,0,15.0,75000.0,Unlimited contract,51 to 100,1,1,1,Management
32,1,1,6.0,92000.0,Unlimited contract,up to 10,1,1,1,Management
36,1,0,15.0,90000.0,Unlimited contract,101 to 1000,0,0,0,Management
37,0,1,7.0,75000.0,Unlimited contract,11 to 50,1,1,0,Top Management
30,1,1,4.5,60000.0,Unlimited contract,51 to 100,1,1,1,Employee
35,0,0,5.0,60000.0,Unlimited contract,101 to 1000,0,0,0,Management
30,1,0,9.0,75000.0,Unlimited contract,1000+,1,1,0,Management
29,0,0,6.0,51000.0,Unlimited contract,101 to 1000,1,0,0,Employee
36,1,1,12.0,100000.0,Unlimited contract,1000+,1,1,0,Management
33,1,0,10.0,100000.0,Unlimited contract,101 to 1000,1,1,1,Management
31,1,0,9.0,85000.0,Unlimited contract,11 to 50,1,0,0,Management
30,1,0,3.0,58000.0,Unlimited contract,101 to 1000,1,0,1,Employee
35,1,0,10.0,65000.0,Unlimited contract,11 to 50,1,0,0,Management
30,1,0,10.0,82000.0,Unlimited contract,101 to 1000,1,0,0,Management
31,1,0,10.0,85000.0,Unlimited contract,101 to 1000,1,1,1,Management
32,1,0,10.0,95000.0,Unlimited contract,11 to 50,1,0,0,Top Management
34,1,0,7.0,108500.0,Unlimited contract,11 to 50,1,0,0,Management
26,1,0,2.0,65000.0,Unlimited contract,51 to 100,1,1,0,Employee
36,1,1,1.0,37500.0,Temporary contract,up to 10,1,0,0,Employee
33,1,0,11.0,154000.0,Temporary contract,11 to 50,1,0,0,Management
35,1,1,9.0,77000.0,Unlimited contract,101 to 1000,1,0,0,Management
43,1,0,21.0,83000.0,Unlimited contract,51 to 100,0,0,0,Management
26,0,0,5.0,65000.0,Unlimited contract,up to 10,1,1,1,Employee
39,1,0,12.0,75000.0,Unlimited contract,up to 10,1,1,1,Top Management
25,1,0,1.0,43500.0,Unlimited contract,51 to 100,1,0,0,Employee
32,1,0,5.0,70000.0,Unlimited contract,up to 10,1,1,1,Management
45,1,1,3.0,70000.0,Unlimited contract,11 to 50,1,0,0,Management
30,1,1,2.0,13000.0,Unlimited contract,51 to 100,1,0,0,Employee
26,1,0,5.0,65000.0,Unlimited contract,51 to 100,1,0,0,Employee
38,1,0,20.0,44000.0,Unlimited contract,11 to 50,0,0,0,Management
38,1,0,12.0,70000.0,Unlimited contract,101 to 1000,1,1,1,Management
32,1,0,10.0,80000.0,Unlimited contract,1000+,1,1,1,Management
24,1,1,3.0,10164.0,Temporary contract,11 to 50,1,0,0,Employee
36,1,0,4.0,40000.0,Temporary contract,up to 10,1,0,0,Employee
30,0,0,8.0,85000.0,Unlimited contract,1000+,1,1,1,Management
29,1,0,3.0,54000.0,Unlimited contract,1000+,1,1,0,Employee
